horizon_s,rows_total,kept_share,filtered_share,kept_turnover_share,kept_turnover_usd_per_day,turnover_constraint_usd_per_day,turnover_constraint_met,PnL_all_bps,PnL_kept_bps,PnL_filtered_bps,Score_bps
30,507412269,0.03539683822662948,0.9646031617733706,0.06548072552554683,1914383409.0030258,500000.0,true,-0.046409424856294276,3.7637336697199437,-0.30018517023039526,3.810143094576238
120,507412269,0.03539683822662948,0.9646031617733706,0.06548072552554683,1914383409.0030258,500000.0,true,-0.032564047462710674,4.70063701460923,-0.34782463313684947,4.733201062071941
300,507412269,0.03539683822662948,0.9646031617733706,0.06548072552554683,1914383409.0030258,500000.0,true,0.024532426735201916,5.686715283685589,-0.35261091640133885,5.662182856950388
