horizon_s,rows_total,kept_share,filtered_share,kept_turnover_share,kept_turnover_usd_per_day,turnover_constraint_usd_per_day,turnover_constraint_met,PnL_all_bps,PnL_kept_bps,PnL_filtered_bps,Score_bps,liq_source,liq_threshold_usd,window_seconds,filter_direction
30,507412269,0.9715068024892398,0.02849319751076023,0.9659635379025162,28240746507.015736,500000.0,true,-0.046409424856294276,-0.015592450633011446,-0.9248386962385747,0.03081697422328283,binance,34801.32,20,opposite
120,507412269,0.9715068024892398,0.02849319751076023,0.9659635379025162,28240746507.015736,500000.0,true,-0.032564047462710674,0.04332101482223198,-2.195618100288606,0.07588506228494266,binance,34801.32,20,opposite
300,507412269,0.9715068024892398,0.02849319751076023,0.9659635379025162,28240746507.015736,500000.0,true,0.024532426735201916,0.13332907588839626,-3.076590610146511,0.10879664915319434,binance,34801.32,20,opposite
